ABCB11,ABC BRASIL UNT,Equity,20958
ABCB3,ABC BRASIL ON,Equity,20958
ABCB4,ABC BRASIL PN,Equity,20958
ABEV3,AMBEV S/A ON,Equity,23264
ABNB3,ABNOTE ON,Equity
ABRE11,ABRIL EDUCA UNT,Equity
ABRE3,ABRIL EDUCA ON,Equity
ABYA3,ABYARA ON,Equity
ACES3,AM INOX BR ON,Equity
ACES4,AM INOX BR PN,Equity
ACGU3,GUARANI ON,Equity
AEDU11,ANHANGUERA UNT,Equity
AEDU3,ANHANGUERA ON,Equity
AELP3,AES ELPA ON,Equity,19313
AESL3,AES SUL ON,Equity,16527
AESL4,AES SUL PN,Equity,16527
AETA3,AETATIS SEC ON,Equity,18104
AFLT3,AFLUENTE T ON,Equity
AFLU3,AFLUENTE ON,Equity
AFLU5,AFLUENTE PNA,Equity
AGEI3,AGRE EMP IMO ON,Equity
AGIN3,AGRA INCORP ON,Equity
AGRA3,AGRALE ON,Equity
AGRA4,AGRALE PN,Equity
AGRO3,BRASILAGRO ON,Equity,20036
AHEB3,SPTURIS ON,Equity,9415
AHEB5,SPTURIS PNA,Equity,9415
AHEB6,SPTURIS PNB,Equity,9415
ALBA3,ALBARUS ON,Equity
ALLL11,ALL AMER LAT UNT,Equity,17450
ALLL3,ALL AMER LAT ON,Equity,17450
ALLL4,ALL AMER LAT PN,Equity,17450
ALPA3,ALPARGATAS ON,Equity,10456
ALPA4,ALPARGATAS PN,Equity,10456
ALSC3,ALIANSCE ON,Equity,21300
ALTR3,ALTERE SEC ON,Equity,18066
ALUP11,ALUPAR UNT,Equity,21490
ALUP3,ALUPAR ON,Equity,21490
ALUP4,ALUPAR PN,Equity,21490
AMAR3,LOJAS MARISA ON,Equity,22055
AMBV3,AMBEV ON,Equity
AMBV4,AMBEV PN,Equity
AMCE3,AMERICEL ON,Equity
AMIL3,AMIL ON,Equity
AMLC4,AMELCO PN,Equity
AMPI3,AMPLA INVEST ON,Equity
AMRI8,GEODEX PND,Equity
AMSL3,AMER LEASING ON,Equity
AMSL4,AMER LEASING PN,Equity
ANIM3,ANIMA ON,Equity,23248
ANPB5,ANTARCTIC PB PNA,Equity
ANRN5,ANTARCTIC RN PNA,Equity
ANTA3,ANTARCTICA ON,Equity
ANTA4,ANTARCTICA PN,Equity
AORE3,ALL ORE ON,Equity
APHA3,ALPHA ON,Equity
APTI3,ALIPERTI ON,Equity,12823
APTI4,ALIPERTI PN,Equity,12823
ARCE3,ARCELOR BR ON,Equity
ARCZ3,ARACRUZ ON,Equity
ARCZ5,ARACRUZ PNA,Equity
ARCZ6,ARACRUZ PNB,Equity
ARLA3,ARTHUR LANGE ON,Equity
ARLA4,ARTHUR LANGE PN,Equity
ARNO4,ARNO PN,Equity
ARPS3,DOUAT TEXTIL ON,Equity
ARPS4,DOUAT TEXTIL PN,Equity
ARTE3,KUALA ON,Equity
ARTE4,KUALA PN,Equity
ARTR3,ARTERIS ON,Equity,19771
ARZZ3,AREZZO CO ON,Equity,22349
ASSM3,ELDORADO ON,Equity
ASSM4,ELDORADO PN,Equity
ASTA4,SANTISTEXTIL PN,Equity
ATEL4,AUTEL PN,Equity
ATOM3,ATOMPAR ON,Equity,15423
AUTM3,AUTOMETAL ON,Equity
AUTO4,DUREX PN,Equity
AVIL3,ACOS VILL ON,Equity
AVIL4,ACOS VILL PN,Equity
AVPL3,AVIPAL ON,Equity
AZEV3,AZEVEDO ON,Equity,11975
AZEV4,AZEVEDO PN,Equity,11975
BAAM3,BANCO BEA ON,Equity
BAAM4,EST AMAZONAS PN,Equity
BAHI3,BAHEMA ON,Equity,701
BAHI4,BAHEMA PN,Equity,701
BAHI5,BAHEMA PNA,Equity,701
BALM3,BAUMER ON,Equity,1562
BALM4,BAUMER PN,Equity,1562
BAQU3,CREFISUL ON,Equity
BAQU4,CREFISUL PN,Equity
BARB3,SGOBAINCANAL ON,Equity
BARB4,SGOBAINCANAL PN,Equity
BASU11,AMERICA SUL PNB,Equity
BASU3,AMERICA SUL ON,Equity
BASU4,AMERICA SUL PN,Equity
BASU5,AMERICA SUL PNA,Equity
BASU6,AMERICA SUL PNB,Equity
BAUH3,EXCELSIOR ON,Equity,1570
BAUH4,EXCELSIOR PN,Equity,1570
BAZA3,AMAZONIA ON,Equity,922
BBAS3,BRASIL ON,Equity,1023
BBAS4,BRASIL PN,Equity,1023
BBCM3,BANDEIRANTES ON,Equity
BBCM4,BANDEIRANTES PN,Equity
BBDC3,BRADESCO ON,Equity,906
BBDC4,BRADESCO PN,Equity,906
BBRK3,BR BROKERS ON,Equity,21180
BBSE3,BBSEGURIDADE ON,Equity,23159
BBTG11,BTG PACTUAL UNT,Equity
BBVT3,BOAVISTA ON,Equity
BBVT5,BOAVISTA PNA,Equity
BBVT6,BOAVISTA PNB,Equity
BCAL6,BIC CALOI PNB,Equity
BCMG3,CRED REAL MG ON,Equity
BCNA3,BCN ON,Equity
BCNA4,BCN PN,Equity
BDEP3,BANDEPE ON,Equity
BDEP4,BANDEPE PN,Equity
BDLL3,BARDELLA ON,Equity,1520
BDLL4,BARDELLA PN,Equity,1520
BEBA3,BANEB ON,Equity
BEBA5,BANEB PNA,Equity
BEBA6,BANEB PNB,Equity
BECE3,EST CEARA ON,Equity
BECE4,EST CEARA PN,Equity
BEEF3,MINERVA ON,Equity,20931
BEES11,BANESTES ON,Equity,1155
BEES3,BANESTES ON,Equity,1155
BEES4,BANESTES PN,Equity,1155
BELG3,BELGO MINEIR ON,Equity
BELG4,BELGO MINEIR PN,Equity
BEMA3,BEMATECH ON,Equity,20656
BEMG3,BEMGE ON,Equity
BEMG4,BEMGE PN,Equity
BEPA3,BANESTADO ON,Equity
BEPA4,BANESTADO PN,Equity
BERG3,BERGAMO ON,Equity
BESP3,BANESPA ON,Equity
BESP4,BANESPA PN,Equity
BEXC3,EXCEL ECONOM ON,Equity
BEXC4,BILBAO VIZC PN,Equity
BFCV4,SPSCS INDL PN,Equity
BFIT3,SUDAMERIS ON,Equity
BFIT4,SUDAMERIS PN,Equity
BFRE3,BRAZILIAN FR ON,Equity,17922
BGFF3,BORGHOFF ON,Equity
BGIP3,BANESE ON,Equity,1120
BGIP4,BANESE PN,Equity,1120
BGOS3,BEG ON,Equity
BGOS4,BEG PN,Equity
BHEQ3,BAHEMA EQUIP ON,Equity
BHEQ4,BAHEMA EQUIP PN,Equity
BHGR3,BHG ON,Equity
BICB11,BICBANCO UNT,Equity
BICB3,BICBANCO ON,Equity
BICB4,BICBANCO PN,Equity
BIOB3,BIOBRAS ON,Equity
BIOB4,BIOBRAS PN,Equity
BIOB5,BIOBRAS PNA,Equity
BIOB6,BIOBRAS PNB,Equity
BIOB7,BIOBRAS PNC,Equity
BIOM3,BIOMM ON,Equity,19305
BIOM4,BIOMM PN,Equity,19305
BISA3,BROOKFIELD ON,Equity,20265
BIVT3,BANDEIR INV ON,Equity
BIVT4,BANDEIR INV PN,Equity
BLME4,BORLEM PN,Equity
BMBR4,B.MERIDIONAL PN,Equity
BMCT3,MERC S PAULO ON,Equity
BMCT4,MERC S PAULO PN,Equity
BMEB3,MERC BRASIL ON,Equity,1325
BMEB4,MERC BRASIL PN,Equity,1325
BMEF3,BMF ON,Equity
BMIN3,MERC INVEST ON,Equity,1309
BMIN4,MERC INVEST PN,Equity,1309
BMKS3,BIC MONARK ON,Equity,1694
BMTO3,BRASMOTOR ON,Equity,1970
BMTO4,BRASMOTOR PN,Equity,1970
BNBR3,NORD BRASIL ON,Equity,1228
BNBR4,NORD BRASIL PN,Equity,1228
BNCA3,NOSSA CAIXA ON,Equity
BNET3,SANTANDERNOR ON,Equity
BNET4,SANTANDERNOR PN,Equity
BOBR3,BOMBRIL ON,Equity,12190
BOBR4,BOMBRIL PN,Equity,12190
BOVH3,BOVESPA HLD ON,Equity
BPAC3,BTGP BANCO ON,Equity,22616
BPAC5,BTGP BANCO PNA,Equity,22616
BPAN3,BANCO PAN ON,Equity,21199
BPAN4,BANCO PAN PN,Equity,21199
BPAR3,BANPARA ON,Equity,1171
BPCO4,BOMPRECO PN,Equity
BPHA3,BR PHARMA ON,Equity,22500
BPIA3,EST PIAUI ON,Equity
BPLA3,BRASPEROLA ON,Equity
BPLA5,BRASPEROLA PNA,Equity
BPNM4,PANAMERICANO PN,Equity
BRAP3,BRADESPAR ON,Equity,18724
BRAP4,BRADESPAR PN,Equity,18724
BRDT3,PETROBRAS BR ON,Equity
BRDT4,PETROBRAS BR PN,Equity
BRFS3,BRF SA ON,Equity,16292
BRFS4,BRF SA PN,Equity,16292
BRGE3,ALFA CONSORC ON,Equity,4707
BRGE5,ALFA CONSORC PNA,Equity,4707
BRGE6,ALFA CONSORC PNB,Equity,4707
BRGE7,ALFA CONSORC PNC,Equity,4707
BRGE8,ALFA CONSORC PND,Equity,4707
BRHA3,BRAHMA ON,Equity
BRHA4,BRAHMA PN,Equity
BRIN3,BR INSURANCE ON,Equity,22217
BRIV3,ALFA INVEST ON,Equity,1384
BRIV4,ALFA INVEST PN,Equity,1384
BRKM3,BRASKEM ON,Equity,4820
BRKM5,BRASKEM PNA,Equity,4820
BRKM6,BRASKEM PNB,Equity,4820
BRML3,BR MALLS PAR ON,Equity,19909
BRPR3,BR PROPERT ON,Equity,19925
BRSR11,BANRISUL UNT,Equity,1210
BRSR3,BANRISUL ON,Equity,1210
BRSR4,BANRISUL PN,Equity,1210
BRSR5,BANRISUL PNA,Equity,1210
BRSR6,BANRISUL PNB,Equity,1210
BRTO3,BRASIL TELEC ON,Equity
BRTO4,BRASIL TELEC PN,Equity
BRTP3,BRASIL T PAR ON,Equity
BRTP4,BRASIL T PAR PN,Equity
BSCT3,BESC ON,Equity
BSCT5,BESC PNA,Equity
BSCT6,BESC PNB,Equity
BSEG3,HSBC SEG BR ON,Equity
BSEG4,HSBC SEG BR PN,Equity
BSEV3,BIOSEV ON,Equity,22845
BSGR3,AGF BRASIL ON,Equity
BSLI3,BRB BANCO ON,Equity,14206
BSLI4,BRB BANCO PN,Equity,14206
BSUL5,BAHIA SUL PNA,Equity
BSUL6,BAHIA SUL PNB,Equity
BTAS5,BETA PNA,Equity
BTOW3,B2W DIGITAL ON,Equity,20990
BTTL3,BATTISTELLA ON,Equity,15458
BTTL4,BATTISTELLA PN,Equity,15458
BUET3,BUETTNER ON,Equity,2038
BUET4,BUETTNER PN,Equity,2038
BVMF3,BMFBOVESPA ON,Equity,21610
BZNX4,BENZENEX PN,Equity
CABR3,CASA ANGLO ON,Equity
CABR4,CASA ANGLO PN,Equity
CAFE3,CAF BRASILIA ON,Equity
CAFE4,CAF BRASILIA PN,Equity
CALI3,CONST A LIND ON,Equity,4723
CALI4,CONST A LIND PN,Equity,4723
CAMB3,CAMBUCI ON,Equity,2100
CAMB4,CAMBUCI PN,Equity,2100
CARB5,NITROCARBONO PNA,Equity
CARB6,NITROCARBONO PNB,Equity
CARD3,CSU CARDSYST ON,Equity,20044
CASN3,CASAN ON,Equity,16861
CASN4,CASAN PN,Equity,16861
CATA3,IND CATAGUAS ON,Equity,3395
CATA4,IND CATAGUAS PN,Equity,3395
CBAG3,BAN ARMAZENS ON,Equity
CBEE3,AMPLA ENERG ON,Equity,3050
CBMA3,COBRASMA ON,Equity,4448
CBMA4,COBRASMA PN,Equity,4448
CBNT4,CIBRAN PN,Equity
CBTA4,CORBETTA PN,Equity
CBVI3,CBV IND MEC ON,Equity
CBVI4,CBV IND MEC PN,Equity
CCCC3,CAM CORREA ON,Equity
CCCC4,CAM CORREA PN,Equity
CCHI3,CHIARELLI ON,Equity,2488
CCHI4,CHIARELLI PN,Equity,2488
CCIM3,CC DES IMOB ON,Equity
CCPR3,CYRE COM-CCP ON,Equity,21040
CCRO3,CCR SA ON,Equity,18821
CCTU4,CBC CARTUCHO PN,Equity
CCXC3,CCX CARVAO ON,Equity,20184
CDOU3,CACH DOURADA ON,Equity
CDOU4,CACH DOURADA PN,Equity
CEBR3,CEB ON,Equity,14451
CEBR4,CEB PN,Equity,14451
CEBR5,CEB PNA,Equity,14451
CEBR6,CEB PNB,Equity,14451
CECI3,STA CECILIA ON,Equity
CEDO3,CEDRO ON,Equity,3077
CEDO4,CEDRO PN,Equity,3077
CEDO5,CEDRO PNA,Equity,3077
CEDO6,CEDRO PNB,Equity,3077
CEEB3,COELBA ON,Equity,14524
CEEB4,COELBA PN,Equity,14524
CEEB5,COELBA PNA,Equity,14524
CEEB6,COELBA PNB,Equity,14524
CEED3,CEEE-D ON,Equity,20648
CEED4,CEEE-D PN,Equity,20648
CEGR3,CEG ON,Equity,16616
CELM3,CELM ON,Equity
CELP3,CELPA ON,Equity,18309
CELP5,CELPA PNA,Equity,18309
CELP6,CELPA PNB,Equity,18309
CELP7,CELPA PNC,Equity,18309
CEPE3,CELPE ON,Equity,14362
CEPE5,CELPE PNA,Equity,14362
CEPE6,CELPE PNB,Equity,14362
CESP3,CESP ON,Equity,2577
CESP4,CESP PN,Equity,2577
CESP5,CESP PNA,Equity,2577
CESP6,CESP PNB,Equity,2577
CETE3,CETERP ON,Equity
CETE4,CETERP PN,Equity
CEVA3,BUNGE ALIM ON,Equity
CEVA4,BUNGE ALIM PN,Equity
CFLU3,FLUM REFRIG ON,Equity
CFLU4,FLUM REFRIG PN,Equity
CFTP4,PARA DEMINAS PN,Equity
CGAS11,COMGAS PN,Equity,15636
CGAS3,COMGAS ON,Equity,15636
CGAS4,COMGAS PN,Equity,15636
CGAS5,COMGAS PNA,Equity,15636
CGOS3,CELG ON,Equity
CGOS4,CELG PN,Equity
CGOS6,CELG PNB,Equity
CGRA3,GRAZZIOTIN ON,Equity,4537
CGRA4,GRAZZIOTIN PN,Equity,4537
CHAP11,CHAPECO ON,Equity
CHAP3,CHAPECO ON,Equity
CHAP4,CHAPECO PN,Equity
CIEL3,CIELO ON,Equity,21733
CIIT4,ITAUNENSE PN,Equity
CIQU3,CACIQUE ON,Equity
CIQU4,CACIQUE PN,Equity
CJSC4,CASA J SILVA PN,Equity
CLAN4,CLARION PN,Equity
CLDX4,COLDEX PN,Equity
CLSC3,CELESC ON,Equity,2461
CLSC4,CELESC PN,Equity,2461
CLSC5,CELESC PNA,Equity,2461
CLSC6,CELESC PNB,Equity,2461
CMET4,CAEMI PN,Equity
CMGR3,CEMAT ON,Equity
CMGR4,CEMAT PN,Equity
CMIG3,CEMIG ON,Equity,2453
CMIG4,CEMIG PN,Equity,2453
CMMA4,C M A PART PN,Equity
CMSA3,CIMS ON,Equity,14818
CMSA4,CIMS PN,Equity,14818
CNFB3,CONFAB ON,Equity
CNFB4,CONFAB PN,Equity
COBE6,CONST BETER PNB,Equity
COCE3,COELCE ON,Equity,14869
COCE5,COELCE PNA,Equity,14869
COCE6,COELCE PNB,Equity,14869
COES4,COEST CONST PN,Equity
COGU3,GERDAU ON,Equity
COGU4,GERDAU PN,Equity
COPA4,COPAS PN,Equity
CORR3,COR RIBEIRO ON,Equity,4863
CORR4,COR RIBEIRO PN,Equity,4863
CPCA3,TRIKEM ON,Equity
CPCA4,TRIKEM PN,Equity
CPEE3,PAUL ENERGIA ON,Equity
CPEE4,PAUL ENERGIA PN,Equity
CPFE3,CPFL ENERGIA ON,Equity,18660
CPFG3,CPFL GERACAO ON,Equity,18953
CPFG4,CPFL GERACAO PN,Equity,18953
CPFL3,FERRO LIGAS ON,Equity
CPFL4,FERRO LIGAS PN,Equity
CPFP3,CPFL PIRATIN ON,Equity,19275
CPFP4,CPFL PIRATIN PN,Equity,19275
CPLE3,COPEL ON,Equity,14311
CPLE4,COPEL PN,Equity,14311
CPLE5,COPEL PNA,Equity,14311
CPLE6,COPEL PNB,Equity,14311
CPNE3,COPENE ON,Equity
CPNE5,COPENE PNA,Equity
CPNE6,COPENE PNB,Equity
CPNY3,COMPANY ON,Equity
CPRE3,CPFL RENOVAV ON,Equity
CPSL3,COPESUL ON,Equity
CQUE3,CIQUINE PETR ON,Equity
CQUE4,ELEKEIROZ PN,Equity
CQUE5,CIQUINE PETR PNA,Equity
CQUE6,CIQUINE PETR PNB,Equity
CQUE7,CIQUINE PETR PNC,Equity
CQUE8,CIQUINE PETR PND,Equity
CRBM3,CARAIBA MET ON,Equity
CRBM5,CARAIBA MET PNA,Equity
CRBM7,CARAIBA MET PNC,Equity
CRDE3,CR2 ON,Equity,20630
CREM3,CREMER ON,Equity,20141
CREM4,CREMER PN,Equity,20141
CRGT3,CRT ON,Equity
CRGT5,CRT PNA,Equity
CRIV3,ALFA FINANC ON,Equity,3891
CRIV4,ALFA FINANC PN,Equity,3891
CRPG3,CRISTAL ON,Equity,11398
CRPG5,CRISTAL PNA,Equity,11398
CRPG6,CRISTAL PNB,Equity,11398
CRPG8,CRISTAL PND,Equity,11398
CRTP3,CRT CELULAR ON,Equity
CRTP5,CRT CELULAR PNA,Equity
CRUZ3,SOUZA CRUZ ON,Equity,4057
CSAB3,SEG AL BAHIA ON,Equity,3115
CSAB4,SEG AL BAHIA PN,Equity,3115
CSAN3,COSAN ON,Equity,19836
CSIP3,COSIPA ON,Equity
CSIP6,COSIPA PNB,Equity
CSMB3,SEG MIN BRAS ON,Equity
CSMG11,COPASA ON,Equity,19445
CSMG3,COPASA ON,Equity,19445
CSNA3,SID NACIONAL ON,Equity,4030
CSPC3,COSIPA ON,Equity
CSPC4,COSIPA PN,Equity
CSPP3,SANTISTA PAP ON,Equity
CSRN3,COSERN ON,Equity,18139
CSRN5,COSERN PNA,Equity,18139
CSRN6,COSERN PNB,Equity,18139
CSRN7,COSERN PNC,Equity,18139
CSTB3,SID TUBARAO ON,Equity
CSTB4,SID TUBARAO PN,Equity
CSUL3,BCR BANCO ON,Equity
CTAN3,CATA ON,Equity
CTAN8,CATA PND,Equity
CTAP3,CENT AMAPA ON,Equity
CTAX11,CONTAX UNT,Equity,19100
CTAX3,CONTAX ON,Equity,19100
CTAX4,CONTAX PN,Equity,19100
CTCO3,CENT CORUMBA ON,Equity
CTIP3,CETIP ON,Equity,21792
CTKA3,KARSTEN ON,Equity,4146
CTKA4,KARSTEN PN,Equity,4146
CTLU4,CONTINENTAL PN,Equity
CTMI3,CENT MIN-RIO ON,Equity
CTNM11,COTEMINAS PN,Equity,3158
CTNM3,COTEMINAS ON,Equity,3158
CTNM4,COTEMINAS PN,Equity,3158
CTPC3,MARAMBAIA ON,Equity
CTPC4,CTM CITRUS PN,Equity
CTSA3,SANTANENSE ON,Equity,4081
CTSA4,SANTANENSE PN,Equity,4081
CTSA8,SANTANENSE PND,Equity,4081
CTWR3,BLUE TREE ON,Equity
CVCB3,CVC BRASIL ON,Equity,23310
CVPT3,CEVAL PART ON,Equity
CVPT4,CEVAL PART PN,Equity
CYRE3,CYRELA REALT ON,Equity,14460
CYRE4,CYRELA REALT PN,Equity,14460
CZAR4,CZARINA PN,Equity
CZRS4,CRUZEIRO SUL PN,Equity
DASA3,DASA ON,Equity,19623
DATA3,DATAMEC ON,Equity
DATA4,DATAMEC PN,Equity
DAYC3,DAYCOVAL ON,Equity,20796
DAYC4,DAYCOVAL PN,Equity,20796
DFVA3,D F VASCONC ON,Equity
DFVA4,D F VASCONC PN,Equity
DHBI3,D H B ON,Equity,5150
DHBI4,D H B PN,Equity,5150
DIRR3,DIRECIONAL ON,Equity,21350
DISA4,DONA ISABEL PN,Equity
DJON4,DIJON PN,Equity
DOCA3,DOCAS ON,Equity
DOCA4,DOCAS PN,Equity
DOHL3,DOHLER ON,Equity,5207
DOHL4,DOHLER PN,Equity,5207
DOMO3,DOMUS POPULI ON,Equity
DPPI3,IPIRANGA DIS ON,Equity
DPPI4,IPIRANGA DIS PN,Equity
DROG3,DROGASIL ON,Equity
DSUL3,DATASUL ON,Equity
DTCY3,DTCOM-DIRECT ON,Equity,18597
DTCY4,DTCOM-DIRECT PN,Equity,18597
DTEX3,DURATEX ON,Equity,21091
DUQE3,MET DUQUE ON,Equity,8648
DUQE4,MET DUQUE PN,Equity,8648
DURA3,DURATEX ON,Equity
DURA4,DURATEX PN,Equity
DXTG4,DIXIE TOGA PN,Equity
EALT3,ACO ALTONA ON,Equity,5380
EALT4,ACO ALTONA PN,Equity,5380
EBCO3,EMBRACO ON,Equity
EBCO4,EMBRACO PN,Equity
EBEN3,EBE ON,Equity,16985
EBEN4,EBE PN,Equity,16985
EBER3,EBERLE ON,Equity
EBER4,MUNDIAL PN,Equity
EBTP3,EMBRATEL PAR ON,Equity
EBTP4,EMBRATEL PAR PN,Equity
ECIS3,ECISA ON,Equity
ECIS4,ECISA PN,Equity
ECOD3,ECODIESEL ON,Equity
ECOR3,ECORODOVIAS ON,Equity,19453
ECPR3,ENCORPAR ON,Equity,16497
ECPR4,ENCORPAR PN,Equity,16497
EDNE5,EDN PNA,Equity
EEEL3,CEEE-GT ON,Equity,3204
EEEL4,CEEE-GT PN,Equity,3204
EKTR3,ELEKTRO ON,Equity,17485
EKTR4,ELEKTRO PN,Equity,17485
ELAT3,ELEVAD ATLAS ON,Equity
ELBR4,ELEBRA PN,Equity
ELCA3,CAIUA ON,Equity
ELCA4,CAIUA PN,Equity
ELCA5,CAIUA PNA,Equity
ELCA6,CAIUA PNB,Equity
ELEK3,ELEKEIROZ ON,Equity,4359
ELEK4,ELEKEIROZ PN,Equity,4359
ELEK5,ELEKEIROZ PNA,Equity,4359
ELEK6,ELEKEIROZ PNB,Equity,4359
ELEK7,ELEKEIROZ PNC,Equity,4359
ELEK8,ELEKEIROZ PND,Equity,4359
ELET3,ELETROBRAS ON,Equity,2437
ELET5,ELETROBRAS PNA,Equity,2437
ELET6,ELETROBRAS PNB,Equity,2437
ELEV3,ELEVA ON,Equity
ELMJ3,WEG ON,Equity
ELMJ4,WEG PN,Equity
ELND3,ELEKEIROZ ON,Equity
ELND4,ELEKEIROZ PN,Equity
ELND5,ELEKEIROZ PNA,Equity
ELND6,ELEKEIROZ PNB,Equity
ELPL11,ELETROPAULO PN,Equity,14176
ELPL3,ELETROPAULO ON,Equity,14176
ELPL4,ELETROPAULO PN,Equity,14176
ELPL5,ELETROPAULO PNA,Equity,14176
ELPL6,ELETROPAULO PNB,Equity,14176
ELUM3,ELUMA ON,Equity
ELUM4,ELUMA PN,Equity
EMAE3,EMAE ON,Equity,16993
EMAE4,EMAE PN,Equity,16993
EMBR11,EMBRAER PN,Equity,20087
EMBR3,EMBRAER ON,Equity,20087
EMBR4,EMBRAER PN,Equity,20087
EMBR5,EMBRAER PNA,Equity,20087
EMXS3,GERAL CONCR ON,Equity
EMXS4,GERAL CONCR PN,Equity
ENBR3,ENERGIAS BR ON,Equity,19763
ENER3,ENERSUL ON,Equity,5576
ENER5,ENERSUL PNA,Equity,5576
ENER6,ENERSUL PNB,Equity,5576
ENEV3,ENEVA ON,Equity,21237
ENGI11,ENERGISA UNT,Equity,15253
ENGI3,ENERGISA ON,Equity,15253
ENGI4,ENERGISA PN,Equity,15253
ENLT3,ENERTEL ON,Equity
ENMT3,ENERGISA MT ON,Equity,14605
ENMT4,ENERGISA MT PN,Equity,14605
EPED4,EPEDA SIM PN,Equity
EPTE4,EPTE PN,Equity
EQTL11,EQUATORIAL UNT,Equity,20010
EQTL3,EQUATORIAL ON,Equity,20010
EQTL4,EQUATORIAL PN,Equity,20010
ERIC3,ERICSSON ON,Equity
ERIC4,ERICSSON PN,Equity
ESCE3,ESCELSA ON,Equity,15342
ESTC11,ESTACIO PART UNT,Equity,21016
ESTC3,ESTACIO PART ON,Equity,21016
ESTC4,ESTACIO PART PN,Equity,21016
ESTR3,ESTRELA ON,Equity,8427
ESTR4,ESTRELA PN,Equity,8427
ETER3,ETERNIT ON,Equity,5762
ETER4,ETERNIT PN,Equity,5762
EUCA3,EUCATEX ON,Equity,5770
EUCA4,EUCATEX PN,Equity,5770
EVEN3,EVEN ON,Equity,20524
EZTC3,EZTEC ON,Equity,20770
FAPC3,COFAP ON,Equity
FAPC4,COFAP PN,Equity
FBMC3,FIBAM ON,Equity,6017
FBMC4,FIBAM PN,Equity,6017
FBRA4,FERTIBRAS PN,Equity
FCAP3,SAM INDUSTR ON,Equity
FCAP4,SAM INDUSTR PN,Equity
FESA3,FERBASA ON,Equity,3069
FESA4,FERBASA PN,Equity,3069
FFTL3,VALEFERT ON,Equity
FFTL4,VALEFERT PN,Equity
FGOS3,FRANGOSUL ON,Equity
FGOS4,FRANGOSUL PN,Equity
FGUI3,F GUIMARAES ON,Equity
FGUI4,F GUIMARAES PN,Equity
FHER3,FER HERINGER ON,Equity,20621
FIBR3,FIBRIA ON,Equity,12793
FIBR4,FIBRIA PN,Equity,12793
FIGE3,INVEST BEMGE ON,Equity,6041
FIGE4,INVEST BEMGE PN,Equity,6041
FJTA3,FORJA TAURUS ON,Equity,6173
FJTA4,FORJA TAURUS PN,Equity,6173
FLBR3,FER DEMELLOT ON,Equity
FLBR4,FER DEMELLOT PN,Equity
FLCL3,F CATAGUAZES ON,Equity
FLCL5,F CATAGUAZES PNA,Equity
FLCL6,F CATAGUAZES PNB,Equity
FLRY3,FLEURY ON,Equity,21881
FNBS5,VICUNHA NORD PNA,Equity
FNCN3,FINANSINOS ON,Equity,6076
FRAS3,FRAS-LE ON,Equity,6211
FRAS4,FRAS-LE PN,Equity,6211
FRAS5,FRAS-LE PNA,Equity,6211
FRAS6,FRAS-LE PNB,Equity,6211
FRIO3,METALFRIO ON,Equity,20613
FTRX3,FAB C RENAUX ON,Equity
FTRX4,FAB C RENAUX PN,Equity
FTSE3,FERT SERRANA ON,Equity
FTSE4,FERT SERRANA PN,Equity
FTSU3,FERTISUL ON,Equity
FTSU4,FERTISUL PN,Equity
FTZA4,FERTIZA PN,Equity
GAFP3,CIMOB PART ON,Equity
GAFP4,CIMOB PART PN,Equity
GALO4,MAIO GALLO PN,Equity
GAZO3,GAZOLA ON,Equity
GAZO4,GAZOLA PN,Equity
GEPA3,GER PARANAP ON,Equity,18368
GEPA4,GER PARANAP PN,Equity,18368
GETI3,AES TIETE ON,Equity,18350
GETI4,AES TIETE PN,Equity,18350
GFSA3,GAFISA ON,Equity,16101
GFSA4,GAFISA PN,Equity,16101
GFTT3,GFTT ON,Equity
GFTT4,GFTT PN,Equity
GGBR3,GERDAU ON,Equity,3980
GGBR4,GERDAU PN,Equity,3980
GIAN4,GIANNINI PN,Equity
GLAS4,GLASSLITE PN,Equity
GLOB11,GLOBEX PN,Equity
GLOB3,GLOBEX ON,Equity
GLOB4,GLOBEX PN,Equity
GMEC4,GAZETA MERC PN,Equity
GMSA3,PROMOAUTO ON,Equity
GOAU3,GERDAU MET ON,Equity,8656
GOAU4,GERDAU MET PN,Equity,8656
GOLL3,GOL ON,Equity,19569
GOLL4,GOL PN,Equity,19569
GPAR3,CELGPAR ON,Equity,21393
GPCP3,GPC PART ON,Equity,16632
GRND11,GRENDENE ON,Equity,19615
GRND3,GRENDENE ON,Equity,19615
GRNL3,GRANOLEO ON,Equity
GRNL4,GRANOLEO PN,Equity
GRPA11,GRAPIA PNA,Equity
GRPA3,GRAPIA ON,Equity
GRSU11,GERASUL PNB,Equity
GRSU3,GERASUL ON,Equity
GRSU5,GERASUL PNA,Equity
GRSU6,GERASUL PNB,Equity
GRUC3,GRUCAI ON,Equity,15695
GRUC6,GRUCAI PNB,Equity,15695
GSHP3,GENERALSHOPP ON,Equity
GTCZ4,F SUL ATLANT PN,Equity
GTDP3,GTD PART ON,Equity
GTDP4,GTD PART PN,Equity
GUAR3,GUARARAPES ON,Equity,4669
GUAR4,GUARARAPES PN,Equity,4669
GVTT3,GVT HOLDING ON,Equity
HAGA3,HAGA S/A ON,Equity,13366
HAGA4,HAGA S/A PN,Equity,13366
HBOR3,HELBOR ON,Equity,20877
HBTS3,HABITASUL ON,Equity,3298
HBTS5,HABITASUL PNA,Equity,3298
HBTS6,HABITASUL PNB,Equity,3298
HERI3,CIA HERING ON,Equity
HERI4,CIA HERING PN,Equity
HETA3,HERCULES ON,Equity,6629
HETA4,HERCULES PN,Equity,6629
HGNN6,FIBRASIL PNB,Equity
HGTX3,CIA HERING ON,Equity,14761
HGTX4,CIA HERING PN,Equity,14761
HOOT3,HOTEIS OTHON ON,Equity,6700
HOOT4,HOTEIS OTHON PN,Equity,6700
HPIA3,HARPIA PART ON,Equity,22578
HRTP3,HRT PETROLEO ON,Equity
HYPE3,HYPERMARCAS ON,Equity,21431
IAPS4,IAP PN,Equity
IBAN3,ANTARCT NORD ON,Equity
IBAN4,ANTARCT NORD PN,Equity
IBAN5,ANTARCT NORD PNA,Equity
IBAN6,ANTARCT NORD PNB,Equity
IBPI5,ANTARC PIAUI PNA,Equity
IBPI6,ANTARC PIAUI PNB,Equity
IBRC4,INBRAC PN,Equity
ICPI3,CIM ITAU ON,Equity
ICPI4,CIM ITAU PN,Equity
IDNT3,IDEIASNET ON,Equity,18414
IDVL11,INDUSVAL UNT,Equity,20885
IDVL3,INDUSVAL ON,Equity,20885
IDVL4,INDUSVAL PN,Equity,20885
IENG3,IENERGIA ON,Equity
IENG4,IENERGIA PN,Equity
IENG5,IENERGIA PNA,Equity
IGBR3,IGB S/A ON,Equity,6815
IGBR5,IGB S/A PNA,Equity,6815
IGBR6,IGB S/A PNB,Equity,6815
IGBR7,IGB S/A PNC,Equity,6815
IGTA3,IGUATEMI ON,Equity,20494
IGUA3,IGUACU CAFE ON,Equity
IGUA5,IGUACU CAFE PNA,Equity
IGUA6,IGUACU CAFE PNB,Equity
ILLS4,LINH CIRCULO PN,Equity
ILMD3,YARA BRASIL ON,Equity
ILMD4,YARA BRASIL PN,Equity
IMBI3,DOC IMBITUBA ON,Equity,3174
IMBI4,DOC IMBITUBA PN,Equity,3174
IMCH3,IMC HOLDINGS ON,Equity
INEP3,INEPAR ON,Equity,7595
INEP4,INEPAR PN,Equity,7595
INET3,INEPAR TEL ON,Equity
INFM3,INEPAR-FEM ON,Equity
INFM4,INEPAR-FEM PN,Equity
INPR3,INPAR S/A ON,Equity
IRID3,IRIDIUM ON,Equity
IRON3,IRONX MINER ON,Equity
ITAU3,ITAUBANCO ON,Equity
ITAU4,ITAUBANCO PN,Equity
ITEC3,ITAUTEC ON,Equity,12530
ITEC5,ITAUTEC PNA,Equity,12530
ITEC6,ITAUTEC PNB,Equity,12530
ITLM5,ANTARCTIC MG PNA,Equity
ITPS3,BRAMPAC ON,Equity
ITPS4,BRAMPAC PN,Equity
ITSA11,ITAUSA ON,Equity,7617
ITSA3,ITAUSA ON,Equity,7617
ITSA4,ITAUSA PN,Equity,7617
ITUB3,ITAUUNIBANCO ON,Equity,19348
ITUB4,ITAUUNIBANCO PN,Equity,19348
IVCT4,INVICTA PN,Equity
IVEN3,IVEN ON,Equity
IVEN4,IVEN PN,Equity
IVIL11,IND VILLARES ON,Equity
IVIL3,COINVEST ON,Equity
IVIL4,COINVEST PN,Equity
IVTE3,INVESTEC ON,Equity
IVTE4,INVESTEC PN,Equity
IVTT3,INVEST TUR ON,Equity
JARI6,JARI PNB,Equity
JBDU3,J B DUARTE ON,Equity,12319
JBDU4,J B DUARTE PN,Equity,12319
JBSS3,JBS ON,Equity,20575
JFAB4,JARAGUA FABR PN,Equity
JFEN3,JOAO FORTES ON,Equity,7811
JHSF3,JHSF PART ON,Equity,20605
JOIN4,HUSKY PN,Equity
JOPA3,JOSAPAR ON,Equity,13285
JOPA4,JOSAPAR PN,Equity,13285
JSLG3,JSL ON,Equity,22020
KEPL3,KEPLER WEBER ON,Equity,7870
KEPL4,KEPLER WEBER PN,Equity,7870
KLAB3,KLABIN ON,Equity
KLAB4,KLABIN PN,Equity
KLBN11,KLABIN S/A UNT,Equity,12653
KLBN3,KLABIN S/A ON,Equity,12653
KLBN4,KLABIN S/A PN,Equity,12653
KROT11,KROTON UNT,Equity,17973
KROT3,KROTON ON,Equity,17973
KROT4,KROTON PN,Equity,17973
KSSA3,KLABINSEGALL ON,Equity
LAEL3,LABO ON,Equity
LAEL4,LABO PN,Equity
LAME3,LOJAS AMERIC ON,Equity,8087
LAME4,LOJAS AMERIC PN,Equity,8087
LARK4,LARK MAQS PN,Equity
LATS3,REXAM BCSA ON,Equity
LATS4,LATASA PN,Equity
LATS6,REXAM BCSA PNB,Equity
LCAM3,LOCAMERICA ON,Equity,22691
LCSA3,PARMALAT ON,Equity
LCSA4,PARMALAT PN,Equity
LECO4,LECO PN,Equity
LETO3,MICHELETTO ON,Equity
LETO4,MICHELETTO PN,Equity
LETO5,MICHELETTO PNA,Equity
LEVE3,METAL LEVE ON,Equity,8575
LEVE4,METAL LEVE PN,Equity,8575
LFFE3,LA FONTE TEL ON,Equity,12262
LFFE4,LA FONTE TEL PN,Equity,12262
LGLO4,LIVR GLOBO PN,Equity
LHER3,LOJAS HERING ON,Equity,8117
LHER4,LOJAS HERING PN,Equity,8117
LIAS4,LIASA PN,Equity
LIBP3,TEGENER PART ON,Equity
LIGH11,LIGHT ON,Equity,8036
LIGH3,LIGHT ON,Equity,8036
LIGT3,LIGHT S/A ON,Equity,19879
LIMA4,LIMASA PN,Equity
LINX3,LINX ON,Equity,23035
LIPR3,ELETROPAR ON,Equity,15784
LITS3,BRASILIT ON,Equity
LITS4,BRASILIT PN,Equity
LIXC3,LIX DA CUNHA ON,Equity,4774
LIXC4,LIX DA CUNHA PN,Equity,4774
LLIS3,LE LIS BLANC ON,Equity,21440
LLXL3,LLX LOG ON,Equity
LOAR4,LOJAS ARAPUA PN,Equity
LOGN3,LOG-IN ON,Equity,20710
LORZ3,LORENZ ON,Equity
LORZ4,LORENZ PN,Equity
LPSB3,LOPES BRASIL ON,Equity,20370
LREN3,LOJAS RENNER ON,Equity,8133
LREN4,LOJAS RENNER PN,Equity,8133
LSEH4,LANIF SEHBE PN,Equity
LUMS4,CNV CIA VEST PN,Equity
LUPA3,LUPATECH ON,Equity,20060
LUXM3,TREVISA ON,Equity,8192
LUXM4,TREVISA PN,Equity,8192
MAFE3,CIMAF ON,Equity
MAGG3,MAGNESITA SA ON,Equity,20842
MAGS3,MAGNESITA ON,Equity
MAGS5,MAGNESITA PNA,Equity
MAGS7,MAGNESITA PNC,Equity
MAHS3,BUNGE FERT ON,Equity
MAHS4,BUNGE FERT PN,Equity
MAKR3,MAKRO ON,Equity
MANM3,MANNESMANN ON,Equity
MANM4,MANNESMANN PN,Equity
MAPT3,CEMEPE ON,Equity,13854
MAPT4,CEMEPE PN,Equity,13854
MARI3,MARISA ON,Equity
MATC3,MATEC ON,Equity
MATC4,MATEC PN,Equity
MCRT4,MICROTEC PN,Equity
MDIA3,M.DIASBRANCO ON,Equity,20338
MDOU4,WETZEL FUND PN,Equity
MEAL3,IMC S/A ON,Equity
MEDI3,MEDIAL SAUDE ON,Equity
MEHH4,MEHIR HOLD PN,Equity
MEND3,MENDES JR ON,Equity,4782
MEND5,MENDES JR PNA,Equity,4782
MEND6,MENDES JR PNB,Equity,4782
MERC3,MERC FINANC ON,Equity,8540
MERC4,MERC FINANC PN,Equity,8540
MESB3,MESBLA ON,Equity
MESB4,MESBLA PN,Equity
MFLU3,SANTISTA ALM ON,Equity
MGEL3,MANGELS INDL ON,Equity,8397
MGEL4,MANGELS INDL PN,Equity,8397
MGLU3,MAGAZ LUIZA ON,Equity,22470
MILS3,MILLS ON,Equity,22012
MLCF3,MAHLE COFAP ON,Equity
MLCF4,MAHLE COFAP PN,Equity
MLFT3,JEREISSATI ON,Equity,8672
MLFT4,JEREISSATI PN,Equity,8672
MLPA4,MELPAPER PN,Equity
MMAQ3,MINASMAQUINA ON,Equity,8818
MMAQ4,MINASMAQUINA PN,Equity,8818
MMXM11,MMX MINER UNT,Equity,17914
MMXM3,MMX MINER ON,Equity,17914
MNDL3,MUNDIAL ON,Equity,5312
MNDL4,MUNDIAL PN,Equity,5312
MNPR3,MINUPAR ON,Equity,13765
MNPR4,MINUPAR PN,Equity,13765
MNSA3,MANASA ON,Equity
MNSA4,MANASA PN,Equity
MOAR3,MONT ARANHA ON,Equity,8893
MPLU3,MULTIPLUS ON,Equity,21946
MPXE3,MPX ENERGIA ON,Equity
MRFG3,MARFRIG ON,Equity,20788
MROE4,M ROSCOE PN,Equity
MRSL3,MARISOL ON,Equity
MRSL4,MARISOL PN,Equity
MRVE3,MRV ON,Equity,20915
MSAN3,BUNGE BRASIL ON,Equity
MSAN4,BUNGE BRASIL PN,Equity
MSPA3,MELHOR SP ON,Equity,3654
MSPA4,MELHOR SP PN,Equity,3654
MSTR5,MASTER PNA,Equity
MSTR6,MASTER PNB,Equity
MTBR3,MULTIBRAS ON,Equity
MTBR4,MULTIBRAS PN,Equity
MTCS4,METALAC PN,Equity
MTIG3,METAL IGUACU ON,Equity,8605
MTIG4,METAL IGUACU PN,Equity,8605
MTPS3,MOTO PECAS ON,Equity
MTPS4,MOTO PECAS PN,Equity
MTSA3,METISA ON,Equity,8753
MTSA4,METISA PN,Equity,8753
MULL3,MULLER ON,Equity
MULT3,MULTIPLAN ON,Equity,20982
MWET3,WETZEL S/A ON,Equity,11991
MWET4,WETZEL S/A PN,Equity,11991
MYPK3,IOCHP-MAXION ON,Equity,11932
MYPK4,IOCHP-MAXION PN,Equity,11932
NAFG3,NADIR FIGUEI ON,Equity,9040
NAFG4,NADIR FIGUEI PN,Equity,9040
NAKT4,NAKATA PN,Equity
NATU3,NATURA ON,Equity,19550
NEMO3,SUZANO HOLD ON,Equity,9067
NEMO4,SUZANO HOLD PN,Equity,9067
NEMO5,SUZANO HOLD PNA,Equity,9067
NEMO6,SUZANO HOLD PNB,Equity,9067
NETC3,NET ON,Equity
NETC4,NET PN,Equity
NORD3,NORDON MET ON,Equity,9083
NOVA3,NOVA AMERICA ON,Equity
NOVA4,NOVA AMERICA PN,Equity
NRTQ3,NORTCQUIMICA ON,Equity,22985
NUTR3,NUTRIPLANT ON,Equity,21334
ODBE3,ODEBRECHT ON,Equity
ODBE4,ODEBRECHT PN,Equity
ODER3,ODERICH ON,Equity,4693
ODER4,ODERICH PN,Equity,4693
ODPV3,ODONTOPREV ON,Equity,20125
OFSA3,OUROFINO S/A ON,Equity,23507
OGSA3,NOVA OLEO ON,Equity
OGXP3,OGX PETROLEO ON,Equity,20168
OHLB3,OHL BRASIL ON,Equity
OIBR3,OI ON,Equity,11312
OIBR4,OI PN,Equity,11312
OLVB4,OLVEBRA PN,Equity
ORIO3,ORION ON,Equity
ORIO4,ORION PN,Equity
OSAO4,PLASCAR PART PN,Equity
OSXB3,OSX BRASIL ON,Equity,21342
OXIT3,OXITENO ON,Equity
OXIT4,OXITENO PN,Equity
PALF11,PAUL F LUZ PN,Equity,3824
PALF3,PAUL F LUZ ON,Equity,3824
PALF4,PAUL F LUZ PN,Equity,3824
PALF5,PAUL F LUZ PNA,Equity,3824
PALF6,PAUL F LUZ PNB,Equity,3824
PALF7,PAUL F LUZ PNC,Equity,3824
PARC3,PARCORRETORA ON,Equity,23590
PATI3,PANATLANTICA ON,Equity,94
PATI4,PANATLANTICA PN,Equity,94
PCAR11,P.ACUCAR-CBD PN,Equity,14826
PCAR3,P.ACUCAR-CBD ON,Equity,14826
PCAR4,P.ACUCAR-CBD PN,Equity,14826
PCAR5,P.ACUCAR-CBD PNA,Equity,14826
PCAR6,P.ACUCAR-CBD PNB,Equity,14826
PDGR3,PDG REALT ON,Equity,20478
PEAB3,PAR AL BAHIA ON,Equity,18708
PEAB4,PAR AL BAHIA PN,Equity,18708
PEFX3,PETROFLEX ON,Equity
PEFX5,PETROFLEX PNA,Equity
PETR3,PETROBRAS ON,Equity,9512
PETR4,PETROBRAS PN,Equity,9512
PFRM3,PROFARMA ON,Equity,20346
PICO3,PICOS PART ON,Equity
PICO4,PICOS PART PN,Equity
PIJU3,PIRAJU PART ON,Equity
PIJU4,PIRAJU PART PN,Equity
PINE3,PINE ON,Equity,20567
PINE4,PINE PN,Equity,20567
PIPN3,PIRELLI PNEU ON,Equity
PIPN4,PIRELLI PNEU PN,Equity
PIRE3,PIRELLI ON,Equity
PIRE4,PIRELLI PN,Equity
PITI11,LF TEL PN,Equity
PITI3,PITIMBU PART ON,Equity
PITI4,LF TEL PN,Equity
PIUM3,ALL AMER LAT ON,Equity
PIUM4,ALL AMER LAT PN,Equity
PLAS3,PLASCAR PART ON,Equity,13471
PLAS4,PLASCAR PART PN,Equity,13471
PLDN4,POLIALDEN PN,Equity
PLIM3,GLOBO CABO ON,Equity
PLIM4,NET PN,Equity
PLTO5,POLITENO PNA,Equity
PLTO6,POLITENO PNB,Equity
PMAM3,PARANAPANEMA ON,Equity,9393
PMAM4,PARANAPANEMA PN,Equity,9393
PMET5,PRO METALURG PNA,Equity
PMET6,PRO METALURG PNB,Equity
PNOR5,PRONOR PNA,Equity
PNOR6,PRONOR PNB,Equity
PNVL3,DIMED ON,Equity,9342
PNVL4,DIMED PN,Equity,9342
PNXS3,PANEX ON,Equity
PNXS4,PANEX PN,Equity
POCO3,POCONE PART ON,Equity
POCO4,POCONE PART PN,Equity
POLA3,POLAR ON,Equity
POLA4,POLAR PN,Equity
POMO3,MARCOPOLO ON,Equity,8451
POMO4,MARCOPOLO PN,Equity,8451
POPR4,POLIPROPILEN PN,Equity
PORP4,POLIPR PART PN,Equity
POSI3,POSITIVO INF ON,Equity,20362
PPAR3,POLPAR ON,Equity,13447
PQTM3,PQ HOPI HARI ON,Equity,15377
PQTM4,PQ HOPI HARI PN,Equity,15377
PQUN3,PETROQ UNIAO ON,Equity
PQUN4,PETROQ UNIAO PN,Equity
PRBC11,PARANA UNT,Equity,20729
PRBC3,PARANA ON,Equity,20729
PRBC4,PARANA PN,Equity,20729
PRBN3,PARAIBUNA ON,Equity
PRBN4,PARAIBUNA PN,Equity
PREQ3,PARANA EQUIP ON,Equity
PREQ4,PARANA EQUIP PN,Equity
PRGA3,PERDIGAO S/A ON,Equity
PRGA4,PERDIGAO S/A PN,Equity
PRIO3,PETRORIO ON,Equity,22187
PRML3,PRUMO ON,Equity,21482
PRTX3,PORTX ON,Equity
PRVI3,PROVIDENCIA ON,Equity,20974
PSEG3,SAUIPE ON,Equity,15261
PSEG4,SAUIPE PN,Equity,15261
PSIM4,V C P PN,Equity
PSSA3,PORTO SEGURO ON,Equity,16659
PTBL11,PORTOBELLO PN,Equity,13773
PTBL3,PORTOBELLO ON,Equity,13773
PTBL4,PORTOBELLO PN,Equity,13773
PTIP3,IPIRANGA PET ON,Equity
PTIP4,IPIRANGA PET PN,Equity
PTNT3,PETTENATI ON,Equity,9539
PTNT4,PETTENATI PN,Equity,9539
PTPA3,EVORA ON,Equity,13412
PTPA4,EVORA PN,Equity,13412
PTQS3,PETROQUISA ON,Equity
PTQS4,PETROQUISA PN,Equity
PVFS3,PEVE FINASA ON,Equity
PVFS4,PEVE FINASA PN,Equity
PVLT11,SOUTO VIDIG ON,Equity
PVLT3,SOUTO VIDIG ON,Equity
PVPR3,PEVE PREDIOS ON,Equity
PVPR4,PEVE PREDIOS PN,Equity
PXEC4,PEIXE PN,Equity
QGEP3,QGEP PART ON,Equity,22365
QGNE4,QUIMIC GERAL PN,Equity
QUAL3,QUALICORP ON,Equity,22497
QUSW3,QUALITY SOFT ON,Equity,23302
QVUM3,521 PARTICIP ON,Equity,16330
RADL3,RAIADROGASIL ON,Equity,5258
RADL5,RAIADROGASIL PNA,Equity,5258
RADL6,RAIADROGASIL PNB,Equity,5258
RADL7,RAIADROGASIL PNC,Equity,5258
RADL8,RAIADROGASIL PND,Equity,5258
RAIA3,RAIA ON,Equity
RANI3,CELUL IRANI ON,Equity,2429
RANI4,CELUL IRANI PN,Equity,2429
RAPT3,RANDON PART ON,Equity,14109
RAPT4,RANDON PART PN,Equity,14109
RCLL4,KLAB RIOCELL PN,Equity
RCLL5,RIOCELL PNA,Equity
RCPR3,REAL CONS PA ON,Equity
RCPR5,REAL CONS PA PNA,Equity
RCPR6,REAL CONS PA PNB,Equity
RCPR7,REAL CONS PA PNC,Equity
RCPR8,REAL CONS PA PND,Equity
RCSL3,RECRUSUL ON,Equity,12572
RCSL4,RECRUSUL PN,Equity,12572
RDCD3,REDECARD ON,Equity
RDNI3,RODOBENSIMOB ON,Equity,20451
RDTR3,REDENTOR ON,Equity,22128
REAL3,REAL ON,Equity
REAL4,REAL PN,Equity
RECF3,REALCAFE ON,Equity
RECF4,REALCAFE PN,Equity
REDE3,REDE ENERGIA ON,Equity,3190
REDE4,REDE ENERGIA PN,Equity,3190
REEM4,RIMET PN,Equity
RENT3,LOCALIZA ON,Equity,19739
REPA3,ELECTROLUX ON,Equity
REPA4,ELECTROLUX PN,Equity
RGEG3,RIO GDE ENER ON,Equity,16535
RHDS3,M G POLIEST ON,Equity
RHDS4,M G POLIEST PN,Equity
RHER3,REN HERMANN ON,Equity
RHER4,REN HERMANN PN,Equity
RHPR3,REAL HLD PAR ON,Equity
RHPR4,REAL HLD PAR PN,Equity
RIPI3,IPIRANGA REF ON,Equity
RIPI4,IPIRANGA REF PN,Equity
RJCP11,RJCP UNT,Equity,22330
RJCP3,RJCP ON,Equity,22330
RLOG3,COSAN LOG ON,Equity,23485
RNAR3,RENAR ON,Equity,19658
RNEW11,RENOVA UNT,Equity,21636
RNEW3,RENOVA ON,Equity,21636
RNEW4,RENOVA PN,Equity,21636
RNPT3,RENNER PART ON,Equity
RNPT4,RENNER PART PN,Equity
ROMI3,INDS ROMI ON,Equity,7510
ROMI4,INDS ROMI PN,Equity,7510
ROSI3,AMADEO ROSSI ON,Equity
ROSI4,AMADEO ROSSI PN,Equity
RPAD3,ALFA HOLDING ON,Equity,9954
RPAD5,ALFA HOLDING PNA,Equity,9954
RPAD6,ALFA HOLDING PNB,Equity,9954
RPMG3,PET MANGUINH ON,Equity,9989
RPMG4,PET MANGUINH PN,Equity,9989
RPPR3,REALPAR ON,Equity
RPPR5,REALPAR PNA,Equity
RPPR6,REALPAR PNB,Equity
RPSA4,RIPASA PN,Equity
RSID3,ROSSI RESID ON,Equity,16306
RSIP11,RASIP AGRO ON,Equity
RSIP3,RASIP AGRO ON,Equity
RSIP4,RASIP AGRO PN,Equity
RSUL3,RIOSULENSE ON,Equity,13439
RSUL4,RIOSULENSE PN,Equity,13439
RUMO3,RUMO LOG ON,Equity,23450
SAGR3,AGROCERES ON,Equity
SAGR4,AGROCERES PN,Equity
SALM3,SEARA ALM ON,Equity
SALM4,SEARA ALM PN,Equity
SAMI3,SAMITRI ON,Equity
SAMI4,SAMITRI PN,Equity
SANB11,SANTANDER BR UNT,Equity,20532
SANB3,SANTANDER BR ON,Equity,20532
SANB4,SANTANDER BR PN,Equity,20532
SANO3,SANO ON,Equity
SANO4,SANO PN,Equity
SAPR3,SANEPAR ON,Equity,18627
SAPR4,SANEPAR PN,Equity,18627
SASG3,SUL AMER NAC ON,Equity
SATI3,SATIPEL ON,Equity
SBSP11,SABESP ON,Equity,14443
SBSP3,SABESP ON,Equity,14443
SCAR3,SAO CARLOS ON,Equity,13781
SCAR4,SAO CARLOS PN,Equity,13781
SCLO3,SCHLOSSER ON,Equity,3549
SCLO4,SCHLOSSER PN,Equity,3549
SCON3,SADIA CONCOR ON,Equity
SCON4,SADIA CONCOR PN,Equity
SDIA3,SADIA S/A ON,Equity
SDIA4,SADIA S/A PN,Equity
SDOK3,SADOKIN ON,Equity
SEBB11,SEB UNT,Equity
SEBE4,KALIL SEHBE PN,Equity
SEDU3,SOMOS EDUCA ON,Equity,22551
SEER3,SER EDUCA ON,Equity,23221
SEMP3,SEMP ON,Equity
SFSA3,SOFISA ON,Equity,20680
SFSA4,SOFISA PN,Equity,20680
SGAS3,WLM IND COM ON,Equity,11070
SGAS4,WLM IND COM PN,Equity,11070
SGEN3,SERGEN ON,Equity
SGEN4,SERGEN PN,Equity
SGPS3,SPRINGS ON,Equity,20966
SHAP3,SHARP ON,Equity
SHAP4,SHARP PN,Equity
SHOW3,TIME FOR FUN ON,Equity,22454
SHUL3,SCHULZ ON,Equity,14664
SHUL4,SCHULZ PN,Equity,14664
SIBR6,SIBRA PNB,Equity
SIBR7,SIBRA PNC,Equity
SIFC3,SIFCO ON,Equity
SIFC4,SIFCO PN,Equity
SJOS3,TECEL S JOSE ON,Equity,5983
SJOS4,TECEL S JOSE PN,Equity,5983
SLAE3,SOLAE ON,Equity
SLAL3,SOLA ON,Equity
SLAL4,SOLA PN,Equity
SLCE3,SLC AGRICOLA ON,Equity,20745
SLCP3,SULACAP ON,Equity
SLED3,SARAIVA LIVR ON,Equity,10472
SLED4,SARAIVA LIVR PN,Equity,10472
SLED5,SARAIVA LIVR PNA,Equity,10472
SLED6,SARAIVA LIVR PNB,Equity,10472
SMLE3,SMILES ON,Equity,23140
SMTO3,SAO MARTINHO ON,Equity,20516
SNSL3,SENIOR SOL ON,Equity,22799
SNSY3,SANSUY ON,Equity,12696
SNSY5,SANSUY PNA,Equity,12696
SNSY6,SANSUY PNB,Equity,12696
SOES3,SADIA S/A ON,Equity
SOES4,SADIA S/A PN,Equity
SOLO3,CARGILL FERT ON,Equity
SOLO4,CARGILL FERT PN,Equity
SOND3,SONDOTECNICA ON,Equity,10880
SOND5,SONDOTECNICA PNA,Equity,10880
SOND6,SONDOTECNICA PNB,Equity,10880
SPCI3,CIMBRASIL ON,Equity
SPCI4,CIMBRASIL PN,Equity
SPGR3,SUPERAGRO ON,Equity
SPPE3,AGIP DISTRIB ON,Equity
SPPE4,PETR S PAULO PN,Equity
SPRI3,SPRINGER ON,Equity,10960
SPRI4,SPRINGER PN,Equity,10960
SPRI5,SPRINGER PNA,Equity,10960
SPRI6,SPRINGER PNB,Equity,10960
SQRM11,ITAITINGA UNT,Equity,15865
SQRM3,ITAITINGA ON,Equity,15865
SSBR3,SIERRABRASIL ON,Equity,22357
STBP11,SANTOS BRP UNT,Equity,17892
STBP3,SANTOS BRP ON,Equity,17892
STBP4,SANTOS BRP PN,Equity,17892
STBR11,SANTOS BRAS UNT,Equity,16446
STBR3,SANTOS BRAS ON,Equity,16446
STBR4,SANTOS BRAS PN,Equity,16446
STED3,FRAS-LE ON,Equity
STED4,FRAS-LE PN,Equity
STED5,FRAS-LE PNA,Equity
STKF3,STATKRAFT ON,Equity,22594
STLB3,STEEL BRASIL ON,Equity
STRP4,BOTUCATU TEX PN,Equity
SUBA3,SUBMARINO ON,Equity
SULA11,SUL AMERICA UNT,Equity,21121
SULA3,SUL AMERICA ON,Equity,21121
SULA4,SUL AMERICA PN,Equity,21121
SULT3,SULTEPA ON,Equity,13030
SULT4,SULTEPA PN,Equity,13030
SURS4,ELEVAD SUR PN,Equity
SUZA4,SUZANO PN,Equity
SUZB3,SUZANO PAPEL ON,Equity,13986
SUZB5,SUZANO PAPEL PNA,Equity,13986
SUZB6,SUZANO PAPEL PNB,Equity,13986
SWET3,SWEETCOSMET ON,Equity,21725
SZPQ4,QUATTOR PETR PN,Equity
TAEE11,TAESA UNT,Equity,20257
TAEE3,TAESA ON,Equity,20257
TAEE4,TAESA PN,Equity,20257
TAMM3,TAM S/A ON,Equity
TAMM4,TAM S/A PN,Equity
TAMR3,TAM ON,Equity
TAMR4,TAM PN,Equity
TANC4,TAM S/A PN,Equity
TBAC3,TELEBAHIA CL ON,Equity
TBAC6,TELEBAHIA CL PNB,Equity
TBAC7,TELEBAHIA CL PNC,Equity
TBAS4,TEBA PN,Equity
TBCP3,TEL B CAMPO ON,Equity
TBCP4,TEL B CAMPO PN,Equity
TBLE3,TRACTEBEL ON,Equity,17329
TBLE5,TRACTEBEL PNA,Equity,17329
TBLE6,TRACTEBEL PNB,Equity,17329
TBRC3,TELEBRASI CL ON,Equity
TBRC6,TELEBRASI CL PNB,Equity
TBRS3,TELEBRASILIA ON,Equity
TBRS4,TELEBRASILIA PN,Equity
TCHN3,TECHNOS REL ON,Equity
TCHN4,TECHNOS REL PN,Equity
TCNO3,TECNOSOLO ON,Equity,11207
TCNO4,TECNOSOLO PN,Equity,11207
TCOC3,TELE CTR OES ON,Equity
TCOC4,TELE CTR OES PN,Equity
TCSA3,TECNISA ON,Equity,20435
TCSL3,TIM PART S/A ON,Equity
TCSL4,TIM PART S/A PN,Equity
TCSP11,BRASIL T PAR ON,Equity
TCSP3,BRASIL T PAR ON,Equity
TCSP4,BRASIL T PAR PN,Equity
TDBH3,TEF DATA BRA ON,Equity
TDBH4,TEF DATA BRA PN,Equity
TEBA3,TELEBAHIA ON,Equity
TEBA5,TELEBAHIA PNA,Equity
TEBA6,TELEBAHIA PNB,Equity
TECN3,TECHNOS ON,Equity,22519
TEKA3,TEKA ON,Equity,11223
TEKA4,TEKA PN,Equity,11223
TELB3,TELEBRAS ON,Equity,11258
TELB4,TELEBRAS PN,Equity,11258
TEMP3,TEMPO PART ON,Equity,19917
TEND3,TENDA ON,Equity
TENE3,TEC BLUMENAU ON,Equity,11215
TENE5,TEC BLUMENAU PNA,Equity,11215
TENE6,TEC BLUMENAU PNB,Equity,11215
TENE7,TEC BLUMENAU PNC,Equity,11215
TEPR11,BRASIL TELEC ON,Equity
TEPR3,BRASIL TELEC ON,Equity
TEPR4,BRASIL TELEC PN,Equity
TERI3,TEREOS ON,Equity,22136
TERJ3,TELERJ ON,Equity
TERJ4,TELERJ PN,Equity
TESE3,SATMA ON,Equity
TETE3,TELET ON,Equity
TGMA3,TEGMA ON,Equity,20800
TIBR3,MILLENNIUM ON,Equity
TIBR5,MILLENNIUM PNA,Equity
TIBR6,MILLENNIUM PNB,Equity
TIMP3,TIM PART S/A ON,Equity,17639
TIMP4,TIM PART S/A PN,Equity,17639
TKNO3,TEKNO ON,Equity,11231
TKNO4,TEKNO PN,Equity,11231
TLCP3,TELE LEST CL ON,Equity
TLCP4,TELE LEST CL PN,Equity
TLPP11,TELESP PART ON,Equity
TLPP3,TELESP ON,Equity
TLPP4,TELESP PN,Equity
TLSP3,TELESP ON,Equity
TLSP4,TELESP PN,Equity
TMAR3,TELEMAR N L ON,Equity
TMAR5,TELEMAR N L PNA,Equity
TMAR6,TELEMAR N L PNB,Equity
TMCP3,TELEMIG PART ON,Equity
TMCP4,TELEMIG PART PN,Equity
TMGC3,TELEMIG CL ON,Equity
TMGC6,TELEMIG CL PNB,Equity
TMGC7,TELEMIG CL PNC,Equity
TMGR3,TELEMIG ON,Equity
TMGR5,TELEMIG PNA,Equity
TMGR6,TELEMIG PNB,Equity
TMGR7,TELEMIG PNC,Equity
TMGR8,TELEMIG PND,Equity
TNCP3,TELE NORT CL ON,Equity
TNCP4,TELE NORT CL PN,Equity
TNEP3,TELE NORD CL ON,Equity
TNEP4,TELE NORD CL PN,Equity
TNLP3,TELEMAR ON,Equity
TNLP4,TELEMAR PN,Equity
TOTS3,TOTVS ON,Equity,19992
TOYB3,TECTOY ON,Equity,14133
TOYB4,TECTOY PN,Equity,14133
TOYB5,TECTOY PNA,Equity,14133
TOYB6,TECTOY PNB,Equity,14133
TPAN3,TUPIANA ON,Equity
TPIS3,TRIUNFO PART ON,Equity,19330
TPRC3,TIM SUL ON,Equity
TPRC6,TIM SUL PNB,Equity
TRAS3,TRANSAUTO ON,Equity
TRAS4,TRANSAUTO PN,Equity
TRBR3,TRANSBRASIL ON,Equity
TRBR4,TRANSBRASIL PN,Equity
TRFO11,TRAFO ON,Equity
TRFO3,TRAFO ON,Equity
TRFO4,TRAFO PN,Equity
TRIC4,ENXUTA PN,Equity
TRIS3,TRISUL ON,Equity,21130
TRJC3,TELERJ CL ON,Equity
TRJC6,TELERJ CL PNB,Equity
TRMB4,TROMBINI PN,Equity
TRNA11,TAESA UNT,Equity
TRNA3,TERNA PART ON,Equity
TRNA4,TERNA PART PN,Equity
TROR3,TRORION ON,Equity
TROR4,TRORION PN,Equity
TRPL3,TRAN PAULIST ON,Equity,18376
TRPL4,TRAN PAULIST PN,Equity,18376
TRPN3,TARPON INV ON,Equity,21717
TSEP11,TELE SUDESTE ON,Equity
TSEP3,TELE SUDESTE ON,Equity
TSEP4,TELE SUDESTE PN,Equity
TSPC3,TELESP CL ON,Equity
TSPC6,TELESP CL PNB,Equity
TSPP3,TELESP CL PA ON,Equity
TSPP4,TELESP CL PA PN,Equity
TUPY11,TUPY ON,Equity,6343
TUPY3,TUPY ON,Equity,6343
TUPY4,TUPY PN,Equity,6343
TVIT3,TIVIT ON,Equity
TXRX3,TEX RENAUX ON,Equity,7544
TXRX4,TEX RENAUX PN,Equity,7544
UBBR11,UNIBANCO UNT,Equity
UBBR3,UNIBANCO ON,Equity
UBBR4,UNIBANCO PN,Equity
UBHD3,UNIBANCO HLD ON,Equity
UCAS3,UNICASA ON,Equity,22780
UCOP4,USIN C PINTO PN,Equity
UGPA3,ULTRAPAR ON,Equity,18465
UGPA4,ULTRAPAR PN,Equity,18465
UNIP3,UNIPAR ON,Equity,11592
UNIP5,UNIPAR PNA,Equity,11592
UNIP6,UNIPAR PNB,Equity,11592
UOLL4,UOL PN,Equity
USGE3,UNIAO SEGURO ON,Equity
USIM11,USIMINAS ON,Equity,14320
USIM3,USIMINAS ON,Equity,14320
USIM4,USIMINAS PN,Equity,14320
USIM5,USIMINAS PNA,Equity,14320
USIM6,USIMINAS PNB,Equity,14320
VAGR3,V-AGRO ON,Equity,20354
VAGV3,SAVARG ON,Equity
VAGV4,SAVARG PN,Equity
VALE3,VALE ON,Equity,4170
VALE4,VALE PN,Equity,4170
VALE5,VALE PNA,Equity,4170
VCPA3,V C P ON,Equity
VCPA4,V C P PN,Equity
VEMG3,MONTREAL ON,Equity
VEMG4,MONTREAL PN,Equity
VGAF4,VARGA FREIOS PN,Equity
VGOR4,VIGOR PN,Equity
VIGR3,VIGOR FOOD ON,Equity,22772
VINE3,VICUNHA TEXT ON,Equity
VINE5,VICUNHA TEXT PNA,Equity
VINE6,VICUNHA TEXT PNB,Equity
VIVO3,VIVO ON,Equity
VIVO4,VIVO PN,Equity
VIVR3,VIVER ON,Equity,20702
VIVT3,TELEF BRASIL ON,Equity,17671
VIVT4,TELEF BRASIL PN,Equity,17671
VLID3,VALID ON,Equity,20028
VNET3,VISANET ON,Equity
VPSC3,VARIG SERV ON,Equity
VPSC4,VARIG SERV PN,Equity
VPTA3,VARIG TRANSP ON,Equity
VPTA4,VARIG TRANSP PN,Equity
VSMA3,SGOBAINVIDRO ON,Equity
VSPT3,FER C ATLANT ON,Equity,15369
VSPT4,FER C ATLANT PN,Equity,15369
VULC3,VULCABRAS ON,Equity,11762
VULC4,VULCABRAS PN,Equity,11762
VVAR11,VIAVAREJO UNT,Equity,6505
VVAR3,VIAVAREJO ON,Equity,6505
VVAR4,VIAVAREJO PN,Equity,6505
VVAX11,VIVAX UNT,Equity
WEGE3,WEG ON,Equity,5410
WEGE4,WEG PN,Equity,5410
WHMT3,WHIT MARTINS ON,Equity
WHRL3,WHIRLPOOL ON,Equity,14346
WHRL4,WHIRLPOOL PN,Equity,14346
WISA3,WIEST ON,Equity
WISA4,WIEST PN,Equity
WMBY3,WEMBLEY ON,Equity,11800
WMBY4,WEMBLEY PN,Equity,11800
ZIVI3,ZIVI ON,Equity
ZIVI4,ZIVI PN,Equity
